,month,day,year,date,rain,precip_in,precip_m,snow,snow_in,snow_m
0,01,01,2002,"12:00 PM EST on January 01, 2002",0,0.00,0.00,0,0.00,0.00
1,01,02,2002,"12:00 PM EST on January 02, 2002",0,0.00,0.00,0,0.00,0.00
2,01,03,2002,"12:00 PM EST on January 03, 2002",0,0.00,0.00,0,0.00,0.00
3,01,04,2002,"12:00 PM EST on January 04, 2002",0,0.00,0.00,0,0.00,0.00
4,01,05,2002,"12:00 PM EST on January 05, 2002",0,0.00,0.00,0,0.00,0.00
5,01,06,2002,"12:00 PM EST on January 06, 2002",1,0.62,15.75,0,0.00,0.00
6,01,07,2002,"12:00 PM EST on January 07, 2002",0,0.08,2.03,1,0.00,0.00
7,01,08,2002,"12:00 PM EST on January 08, 2002",0,0.00,0.00,0,0.00,0.00
8,01,09,2002,"12:00 PM EST on January 09, 2002",1,0.08,2.03,0,0.00,0.00
9,01,10,2002,"12:00 PM EST on January 10, 2002",0,0.00,0.00,0,0.00,0.00
10,01,11,2002,"12:00 PM EST on January 11, 2002",1,0.02,0.51,0,0.00,0.00
11,01,12,2002,"12:00 PM EST on January 12, 2002",0,0.00,0.00,0,0.00,0.00
12,01,13,2002,"12:00 PM EST on January 13, 2002",1,0.02,0.51,0,0.00,0.00
13,01,14,2002,"12:00 PM EST on January 14, 2002",0,0.00,0.00,0,0.00,0.00
14,01,15,2002,"12:00 PM EST on January 15, 2002",0,0.00,0.00,0,0.00,0.00
15,01,16,2002,"12:00 PM EST on January 16, 2002",0,0.00,0.00,0,0.00,0.00
16,01,17,2002,"12:00 PM EST on January 17, 2002",0,0.00,0.00,1,0.00,0.00
17,01,18,2002,"12:00 PM EST on January 18, 2002",0,0.00,0.00,0,0.00,0.00
18,01,19,2002,"12:00 PM EST on January 19, 2002",0,0.32,8.13,1,0.00,0.00
19,01,20,2002,"12:00 PM EST on January 20, 2002",0,0.00,0.00,1,0.00,0.00
20,01,21,2002,"12:00 PM EST on January 21, 2002",1,0.15,3.81,0,0.00,0.00
21,01,22,2002,"12:00 PM EST on January 22, 2002",0,0.00,0.00,0,0.00,0.00
22,01,23,2002,"12:00 PM EST on January 23, 2002",0,0.00,0.00,0,0.00,0.00
23,01,24,2002,"12:00 PM EST on January 24, 2002",1,0.31,7.87,0,0.00,0.00
24,01,25,2002,"12:00 PM EST on January 25, 2002",0,0.00,0.00,0,0.00,0.00
25,01,26,2002,"12:00 PM EST on January 26, 2002",0,0.00,0.00,0,0.00,0.00
26,01,27,2002,"12:00 PM EST on January 27, 2002",0,0.00,0.00,0,0.00,0.00
27,01,28,2002,"12:00 PM EST on January 28, 2002",0,0.00,0.00,0,0.00,0.00
28,01,29,2002,"12:00 PM EST on January 29, 2002",0,0.00,0.00,0,0.00,0.00
29,01,30,2002,"12:00 PM EST on January 30, 2002",1,0.03,0.76,0,0.00,0.00
30,01,31,2002,"12:00 PM EST on January 31, 2002",0,0.06,1.52,0,0.00,0.00
31,02,01,2002,"12:00 PM EST on February 01, 2002",1,0.15,3.81,0,0.00,0.00
32,02,02,2002,"12:00 PM EST on February 02, 2002",0,0.00,0.00,0,0.00,0.00
33,02,03,2002,"12:00 PM EST on February 03, 2002",0,0.00,0.00,0,0.00,0.00
34,02,04,2002,"12:00 PM EST on February 04, 2002",0,0.00,0.00,1,0.00,0.00
35,02,05,2002,"12:00 PM EST on February 05, 2002",0,0.00,0.00,0,0.00,0.00
36,02,06,2002,"12:00 PM EST on February 06, 2002",0,0.00,0.00,0,0.00,0.00
37,02,07,2002,"12:00 PM EST on February 07, 2002",0,0.02,0.51,0,0.00,0.00
38,02,08,2002,"12:00 PM EST on February 08, 2002",0,0.00,0.00,0,0.00,0.00
39,02,09,2002,"12:00 PM EST on February 09, 2002",0,0.00,0.00,0,0.00,0.00
40,02,10,2002,"12:00 PM EST on February 10, 2002",1,0.30,7.62,0,0.00,0.00
41,02,11,2002,"12:00 PM EST on February 11, 2002",1,0.08,2.03,0,0.00,0.00
42,02,12,2002,"12:00 PM EST on February 12, 2002",0,0.00,0.00,0,0.00,0.00
43,02,13,2002,"12:00 PM EST on February 13, 2002",0,0.00,0.00,0,0.00,0.00
44,02,14,2002,"12:00 PM EST on February 14, 2002",0,0.00,0.00,0,0.00,0.00
45,02,15,2002,"12:00 PM EST on February 15, 2002",0,0.00,0.00,0,0.00,0.00
46,02,16,2002,"12:00 PM EST on February 16, 2002",0,0.00,0.00,0,0.00,0.00
47,02,17,2002,"12:00 PM EST on February 17, 2002",1,0.00,0.00,0,0.00,0.00
48,02,18,2002,"12:00 PM EST on February 18, 2002",0,0.00,0.00,0,0.00,0.00
49,02,19,2002,"12:00 PM EST on February 19, 2002",0,0.00,0.00,0,0.00,0.00
50,02,20,2002,"12:00 PM EST on February 20, 2002",1,0.08,2.03,0,0.00,0.00
51,02,21,2002,"12:00 PM EST on February 21, 2002",0,0.03,0.76,0,0.00,0.00
52,02,22,2002,"12:00 PM EST on February 22, 2002",0,0.00,0.00,0,0.00,0.00
53,02,23,2002,"12:00 PM EST on February 23, 2002",0,0.00,0.00,0,0.00,0.00
54,02,24,2002,"12:00 PM EST on February 24, 2002",0,0.00,0.00,0,0.00,0.00
55,02,25,2002,"12:00 PM EST on February 25, 2002",0,0.00,0.00,0,0.00,0.00
56,02,26,2002,"12:00 PM EST on February 26, 2002",0,0.00,0.00,0,0.00,0.00
57,02,27,2002,"12:00 PM EST on February 27, 2002",0,0.05,1.27,1,0.00,0.00
58,02,28,2002,"12:00 PM EST on February 28, 2002",0,0.00,0.00,0,0.00,0.00
59,03,01,2002,"12:00 PM EST on March 01, 2002",0,0.00,0.00,0,0.00,0.00
60,03,02,2002,"12:00 PM EST on March 02, 2002",1,0.34,8.64,0,0.00,0.00
61,03,03,2002,"12:00 PM EST on March 03, 2002",1,0.83,21.08,0,0.00,0.00
62,03,04,2002,"12:00 PM EST on March 04, 2002",0,0.00,0.00,0,0.00,0.00
63,03,05,2002,"12:00 PM EST on March 05, 2002",0,0.00,0.00,0,0.00,0.00
64,03,06,2002,"12:00 PM EST on March 06, 2002",0,0.00,0.00,0,0.00,0.00
65,03,07,2002,"12:00 PM EST on March 07, 2002",0,0.00,0.00,0,0.00,0.00
66,03,08,2002,"12:00 PM EST on March 08, 2002",0,0.00,0.00,0,0.00,0.00
67,03,09,2002,"12:00 PM EST on March 09, 2002",0,0.00,0.00,0,0.00,0.00
68,03,10,2002,"12:00 PM EST on March 10, 2002",1,0.08,2.03,0,0.00,0.00
69,03,11,2002,"12:00 PM EST on March 11, 2002",0,0.00,0.00,0,0.00,0.00
70,03,12,2002,"12:00 PM EST on March 12, 2002",0,0.00,0.00,0,0.00,0.00
71,03,13,2002,"12:00 PM EST on March 13, 2002",1,0.28,7.11,0,0.00,0.00
72,03,14,2002,"12:00 PM EST on March 14, 2002",0,0.00,0.00,0,0.00,0.00
73,03,15,2002,"12:00 PM EST on March 15, 2002",0,0.00,0.00,0,0.00,0.00
74,03,16,2002,"12:00 PM EST on March 16, 2002",1,0.00,0.00,0,0.00,0.00
75,03,17,2002,"12:00 PM EST on March 17, 2002",1,0.00,0.00,1,0.00,0.00
76,03,18,2002,"12:00 PM EST on March 18, 2002",1,0.30,7.62,1,0.00,0.00
77,03,19,2002,"12:00 PM EST on March 19, 2002",0,0.00,0.00,0,0.00,0.00
78,03,20,2002,"12:00 PM EST on March 20, 2002",1,0.80,20.32,0,0.00,0.00
79,03,21,2002,"12:00 PM EST on March 21, 2002",1,0.00,0.00,0,0.00,0.00
80,03,22,2002,"12:00 PM EST on March 22, 2002",0,0.00,0.00,0,0.00,0.00
81,03,23,2002,"12:00 PM EST on March 23, 2002",0,0.00,0.00,0,0.00,0.00
82,03,24,2002,"12:00 PM EST on March 24, 2002",0,0.00,0.00,0,0.00,0.00
83,03,25,2002,"12:00 PM EST on March 25, 2002",0,0.02,0.51,0,0.00,0.00
84,03,26,2002,"12:00 PM EST on March 26, 2002",1,0.27,6.86,0,0.00,0.00
85,03,27,2002,"12:00 PM EST on March 27, 2002",1,0.31,7.87,0,0.00,0.00
86,03,28,2002,"12:00 PM EST on March 28, 2002",0,0.00,0.00,0,0.00,0.00
87,03,29,2002,"12:00 PM EST on March 29, 2002",0,0.00,0.00,0,0.00,0.00
88,03,30,2002,"12:00 PM EST on March 30, 2002",0,0.00,0.00,0,0.00,0.00
89,03,31,2002,"12:00 PM EST on March 31, 2002",1,0.28,7.11,0,0.00,0.00
90,04,01,2002,"12:00 PM EST on April 01, 2002",1,0.06,1.52,0,0.00,0.00
91,04,02,2002,"12:00 PM EST on April 02, 2002",0,0.00,0.00,0,0.00,0.00
92,04,03,2002,"12:00 PM EST on April 03, 2002",1,0.05,1.27,0,0.00,0.00
93,04,04,2002,"12:00 PM EST on April 04, 2002",0,0.00,0.00,0,0.00,0.00
94,04,05,2002,"12:00 PM EST on April 05, 2002",0,0.00,0.00,0,0.00,0.00
95,04,06,2002,"12:00 PM EST on April 06, 2002",0,0.00,0.00,0,0.00,0.00
96,04,07,2002,"12:00 PM EDT on April 07, 2002",0,0.00,0.00,0,0.00,0.00
97,04,08,2002,"12:00 PM EDT on April 08, 2002",0,0.00,0.00,0,0.00,0.00
98,04,09,2002,"12:00 PM EDT on April 09, 2002",1,0.02,0.51,0,0.00,0.00
99,04,10,2002,"12:00 PM EDT on April 10, 2002",1,0.03,0.76,0,0.00,0.00
100,04,11,2002,"12:00 PM EDT on April 11, 2002",0,0.00,0.00,0,0.00,0.00
101,04,12,2002,"12:00 PM EDT on April 12, 2002",1,0.11,2.79,0,0.00,0.00
102,04,13,2002,"12:00 PM EDT on April 13, 2002",1,0.00,0.00,0,0.00,0.00
103,04,14,2002,"12:00 PM EDT on April 14, 2002",1,0.13,3.30,0,0.00,0.00
104,04,15,2002,"12:00 PM EDT on April 15, 2002",1,0.03,0.76,0,0.00,0.00
105,04,16,2002,"12:00 PM EDT on April 16, 2002",0,0.00,0.00,0,0.00,0.00
106,04,17,2002,"12:00 PM EDT on April 17, 2002",0,0.00,0.00,0,0.00,0.00
107,04,18,2002,"12:00 PM EDT on April 18, 2002",0,0.00,0.00,0,0.00,0.00
108,04,19,2002,"12:00 PM EDT on April 19, 2002",1,0.20,5.08,0,0.00,0.00
109,04,20,2002,"12:00 PM EDT on April 20, 2002",1,0.03,0.76,0,0.00,0.00
110,04,21,2002,"12:00 PM EDT on April 21, 2002",1,0.01,0.25,0,0.00,0.00
111,04,22,2002,"12:00 PM EDT on April 22, 2002",1,0.00,0.00,0,0.00,0.00
112,04,23,2002,"12:00 PM EDT on April 23, 2002",0,0.00,0.00,0,0.00,0.00
113,04,24,2002,"12:00 PM EDT on April 24, 2002",0,0.01,0.25,0,0.00,0.00
114,04,25,2002,"12:00 PM EDT on April 25, 2002",1,0.55,13.97,0,0.00,0.00
115,04,26,2002,"12:00 PM EDT on April 26, 2002",0,0.00,0.00,0,0.00,0.00
116,04,27,2002,"12:00 PM EDT on April 27, 2002",0,0.00,0.00,0,0.00,0.00
117,04,28,2002,"12:00 PM EDT on April 28, 2002",1,1.64,41.66,0,0.00,0.00
118,04,29,2002,"12:00 PM EDT on April 29, 2002",0,0.00,0.00,0,0.00,0.00
119,04,30,2002,"12:00 PM EDT on April 30, 2002",1,0.15,3.81,0,0.00,0.00
120,05,01,2002,"12:00 PM EDT on May 01, 2002",0,0.00,0.00,0,0.00,0.00
121,05,02,2002,"12:00 PM EDT on May 02, 2002",1,0.43,10.92,0,0.00,0.00
122,05,03,2002,"12:00 PM EDT on May 03, 2002",0,0.00,0.00,0,0.00,0.00
123,05,04,2002,"12:00 PM EDT on May 04, 2002",0,500.10,12702.54,0,0.00,0.00
124,05,05,2002,"12:00 PM EDT on May 05, 2002",0,0.00,0.00,0,0.00,0.00
125,05,06,2002,"12:00 PM EDT on May 06, 2002",0,0.00,0.00,0,0.00,0.00
126,05,07,2002,"12:00 PM EDT on May 07, 2002",0,0.00,0.00,0,0.00,0.00
127,05,08,2002,"12:00 PM EDT on May 08, 2002",0,0.00,0.00,0,0.00,0.00
128,05,09,2002,"12:00 PM EDT on May 09, 2002",1,0.15,3.81,0,0.00,0.00
129,05,10,2002,"12:00 PM EDT on May 10, 2002",0,0.00,0.00,0,0.00,0.00
130,05,11,2002,"12:00 PM EDT on May 11, 2002",0,0.00,0.00,0,0.00,0.00
131,05,12,2002,"12:00 PM EDT on May 12, 2002",1,0.15,3.81,0,0.00,0.00
132,05,13,2002,"12:00 PM EDT on May 13, 2002",1,0.90,22.86,0,0.00,0.00
133,05,14,2002,"12:00 PM EDT on May 14, 2002",0,0.05,1.27,0,0.00,0.00
134,05,15,2002,"12:00 PM EDT on May 15, 2002",0,0.00,0.00,0,0.00,0.00
135,05,16,2002,"12:00 PM EDT on May 16, 2002",0,0.00,0.00,0,0.00,0.00
136,05,17,2002,"12:00 PM EDT on May 17, 2002",1,0.04,1.02,0,0.00,0.00
137,05,18,2002,"12:00 PM EDT on May 18, 2002",1,1.58,40.13,0,0.00,0.00
138,05,19,2002,"12:00 PM EDT on May 19, 2002",0,0.00,0.00,0,0.00,0.00
139,05,20,2002,"12:00 PM EDT on May 20, 2002",0,0.00,0.00,0,0.00,0.00
140,05,21,2002,"12:00 PM EDT on May 21, 2002",0,0.00,0.00,0,0.00,0.00
141,05,22,2002,"12:00 PM EDT on May 22, 2002",0,0.00,0.00,0,0.00,0.00
142,05,23,2002,"12:00 PM EDT on May 23, 2002",0,0.00,0.00,0,0.00,0.00
143,05,24,2002,"12:00 PM EDT on May 24, 2002",0,0.00,0.00,0,0.00,0.00
144,05,25,2002,"12:00 PM EDT on May 25, 2002",0,0.00,0.00,0,0.00,0.00
145,05,26,2002,"12:00 PM EDT on May 26, 2002",0,0.00,0.00,0,0.00,0.00
146,05,27,2002,"12:00 PM EDT on May 27, 2002",0,0.00,0.00,0,0.00,0.00
147,05,28,2002,"12:00 PM EDT on May 28, 2002",0,0.00,0.00,0,0.00,0.00
148,05,29,2002,"12:00 PM EDT on May 29, 2002",0,0.00,0.00,0,0.00,0.00
149,05,30,2002,"12:00 PM EDT on May 30, 2002",0,0.00,0.00,0,0.00,0.00
150,05,31,2002,"12:00 PM EDT on May 31, 2002",1,0.38,9.65,0,0.00,0.00
151,06,01,2002,"12:00 PM EDT on June 01, 2002",0,0.00,0.00,0,0.00,0.00
152,06,02,2002,"12:00 PM EDT on June 02, 2002",0,0.00,0.00,0,0.00,0.00
153,06,03,2002,"12:00 PM EDT on June 03, 2002",0,0.00,0.00,0,0.00,0.00
154,06,04,2002,"12:00 PM EDT on June 04, 2002",0,0.00,0.00,0,0.00,0.00
155,06,05,2002,"12:00 PM EDT on June 05, 2002",0,0.00,0.00,0,0.00,0.00
156,06,06,2002,"12:00 PM EDT on June 06, 2002",1,1.54,39.12,0,0.00,0.00
157,06,07,2002,"12:00 PM EDT on June 07, 2002",1,0.85,21.59,0,0.00,0.00
158,06,08,2002,"12:00 PM EDT on June 08, 2002",0,0.00,0.00,0,0.00,0.00
159,06,09,2002,"12:00 PM EDT on June 09, 2002",0,0.00,0.00,0,0.00,0.00
160,06,10,2002,"12:00 PM EDT on June 10, 2002",0,0.00,0.00,0,0.00,0.00
161,06,11,2002,"12:00 PM EDT on June 11, 2002",0,0.00,0.00,0,0.00,0.00
162,06,12,2002,"12:00 PM EDT on June 12, 2002",1,0.21,5.33,0,0.00,0.00
163,06,13,2002,"12:00 PM EDT on June 13, 2002",0,0.03,0.76,0,0.00,0.00
164,06,14,2002,"12:00 PM EDT on June 14, 2002",1,0.61,15.49,0,0.00,0.00
165,06,15,2002,"12:00 PM EDT on June 15, 2002",1,0.10,2.54,0,0.00,0.00
166,06,16,2002,"12:00 PM EDT on June 16, 2002",1,0.24,6.10,0,0.00,0.00
167,06,17,2002,"12:00 PM EDT on June 17, 2002",0,0.02,0.51,0,0.00,0.00
168,06,18,2002,"12:00 PM EDT on June 18, 2002",0,0.00,0.00,0,0.00,0.00
169,06,19,2002,"12:00 PM EDT on June 19, 2002",1,0.04,1.02,0,0.00,0.00
170,06,20,2002,"12:00 PM EDT on June 20, 2002",0,0.00,0.00,0,0.00,0.00
171,06,21,2002,"12:00 PM EDT on June 21, 2002",0,0.00,0.00,0,0.00,0.00
172,06,22,2002,"12:00 PM EDT on June 22, 2002",0,0.00,0.00,0,0.00,0.00
173,06,23,2002,"12:00 PM EDT on June 23, 2002",0,0.00,0.00,0,0.00,0.00
174,06,24,2002,"12:00 PM EDT on June 24, 2002",0,0.00,0.00,0,0.00,0.00
175,06,25,2002,"12:00 PM EDT on June 25, 2002",0,0.00,0.00,0,0.00,0.00
176,06,26,2002,"12:00 PM EDT on June 26, 2002",1,0.16,4.06,0,0.00,0.00
177,06,27,2002,"12:00 PM EDT on June 27, 2002",1,0.70,17.78,0,0.00,0.00
178,06,28,2002,"12:00 PM EDT on June 28, 2002",0,0.00,0.00,0,0.00,0.00
179,06,29,2002,"12:00 PM EDT on June 29, 2002",0,0.00,0.00,0,0.00,0.00
180,06,30,2002,"12:00 PM EDT on June 30, 2002",0,0.00,0.00,0,0.00,0.00
181,07,01,2002,"12:00 PM EDT on July 01, 2002",0,0.00,0.00,0,0.00,0.00
182,07,02,2002,"12:00 PM EDT on July 02, 2002",0,0.00,0.00,0,0.00,0.00
183,07,03,2002,"12:00 PM EDT on July 03, 2002",0,0.00,0.00,0,0.00,0.00
184,07,04,2002,"12:00 PM EDT on July 04, 2002",0,0.00,0.00,0,0.00,0.00
185,07,05,2002,"12:00 PM EDT on July 05, 2002",0,0.00,0.00,0,0.00,0.00
186,07,06,2002,"12:00 PM EDT on July 06, 2002",0,0.00,0.00,0,0.00,0.00
187,07,07,2002,"12:00 PM EDT on July 07, 2002",0,0.00,0.00,0,0.00,0.00
188,07,08,2002,"12:00 PM EDT on July 08, 2002",0,0.00,0.00,0,0.00,0.00
189,07,09,2002,"12:00 PM EDT on July 09, 2002",1,0.27,6.86,0,0.00,0.00
190,07,10,2002,"12:00 PM EDT on July 10, 2002",1,0.03,0.76,0,0.00,0.00
191,07,11,2002,"12:00 PM EDT on July 11, 2002",0,0.00,0.00,0,0.00,0.00
192,07,12,2002,"12:00 PM EDT on July 12, 2002",0,0.00,0.00,0,0.00,0.00
193,07,13,2002,"12:00 PM EDT on July 13, 2002",0,0.00,0.00,0,0.00,0.00
194,07,14,2002,"12:00 PM EDT on July 14, 2002",0,0.00,0.00,0,0.00,0.00
195,07,15,2002,"12:00 PM EDT on July 15, 2002",0,0.00,0.00,0,0.00,0.00
196,07,16,2002,"12:00 PM EDT on July 16, 2002",0,0.05,1.27,0,0.00,0.00
197,07,17,2002,"12:00 PM EDT on July 17, 2002",0,0.00,0.00,0,0.00,0.00
198,07,18,2002,"12:00 PM EDT on July 18, 2002",0,0.01,0.25,0,0.00,0.00
199,07,19,2002,"12:00 PM EDT on July 19, 2002",1,0.63,16.00,0,0.00,0.00
200,07,20,2002,"12:00 PM EDT on July 20, 2002",0,0.00,0.00,0,0.00,0.00
201,07,21,2002,"12:00 PM EDT on July 21, 2002",0,0.00,0.00,0,0.00,0.00
202,07,22,2002,"12:00 PM EDT on July 22, 2002",0,0.00,0.00,0,0.00,0.00
203,07,23,2002,"12:00 PM EDT on July 23, 2002",1,0.07,1.78,0,0.00,0.00
204,07,24,2002,"12:00 PM EDT on July 24, 2002",0,0.00,0.00,0,0.00,0.00
205,07,25,2002,"12:00 PM EDT on July 25, 2002",0,0.00,0.00,0,0.00,0.00
206,07,26,2002,"12:00 PM EDT on July 26, 2002",0,0.00,0.00,0,0.00,0.00
207,07,27,2002,"12:00 PM EDT on July 27, 2002",0,0.00,0.00,0,0.00,0.00
208,07,28,2002,"12:00 PM EDT on July 28, 2002",0,0.00,0.00,0,0.00,0.00
209,07,29,2002,"12:00 PM EDT on July 29, 2002",0,0.00,0.00,0,0.00,0.00
210,07,30,2002,"12:00 PM EDT on July 30, 2002",0,0.00,0.00,0,0.00,0.00
211,07,31,2002,"12:00 PM EDT on July 31, 2002",0,0.00,0.00,0,0.00,0.00
212,08,01,2002,"12:00 PM EDT on August 01, 2002",0,0.00,0.00,0,0.00,0.00
213,08,02,2002,"12:00 PM EDT on August 02, 2002",1,0.70,17.78,0,0.00,0.00
214,08,03,2002,"12:00 PM EDT on August 03, 2002",0,0.00,0.00,0,0.00,0.00
215,08,04,2002,"12:00 PM EDT on August 04, 2002",0,0.00,0.00,0,0.00,0.00
216,08,05,2002,"12:00 PM EDT on August 05, 2002",1,0.00,0.00,0,0.00,0.00
217,08,06,2002,"12:00 PM EDT on August 06, 2002",0,0.00,0.00,0,0.00,0.00
218,08,07,2002,"12:00 PM EDT on August 07, 2002",0,0.00,0.00,0,0.00,0.00
219,08,08,2002,"12:00 PM EDT on August 08, 2002",0,0.00,0.00,0,0.00,0.00
220,08,09,2002,"12:00 PM EDT on August 09, 2002",0,0.00,0.00,0,0.00,0.00
221,08,10,2002,"12:00 PM EDT on August 10, 2002",0,0.00,0.00,0,0.00,0.00
222,08,11,2002,"12:00 PM EDT on August 11, 2002",0,0.00,0.00,0,0.00,0.00
223,08,12,2002,"12:00 PM EDT on August 12, 2002",0,0.00,0.00,0,0.00,0.00
224,08,13,2002,"12:00 PM EDT on August 13, 2002",0,0.00,0.00,0,0.00,0.00
225,08,14,2002,"12:00 PM EDT on August 14, 2002",0,0.00,0.00,0,0.00,0.00
226,08,15,2002,"12:00 PM EDT on August 15, 2002",0,0.00,0.00,0,0.00,0.00
227,08,16,2002,"12:00 PM EDT on August 16, 2002",1,0.15,3.81,0,0.00,0.00
228,08,17,2002,"12:00 PM EDT on August 17, 2002",0,0.19,4.83,0,0.00,0.00
229,08,18,2002,"12:00 PM EDT on August 18, 2002",0,0.00,0.00,0,0.00,0.00
230,08,19,2002,"12:00 PM EDT on August 19, 2002",0,0.00,0.00,0,0.00,0.00
231,08,20,2002,"12:00 PM EDT on August 20, 2002",1,0.57,14.48,0,0.00,0.00
232,08,21,2002,"12:00 PM EDT on August 21, 2002",0,0.00,0.00,0,0.00,0.00
233,08,22,2002,"12:00 PM EDT on August 22, 2002",1,0.16,4.06,0,0.00,0.00
234,08,23,2002,"12:00 PM EDT on August 23, 2002",0,0.00,0.00,0,0.00,0.00
235,08,24,2002,"12:00 PM EDT on August 24, 2002",1,0.38,9.65,0,0.00,0.00
236,08,25,2002,"12:00 PM EDT on August 25, 2002",0,0.00,0.00,0,0.00,0.00
237,08,26,2002,"12:00 PM EDT on August 26, 2002",0,0.00,0.00,0,0.00,0.00
238,08,27,2002,"12:00 PM EDT on August 27, 2002",0,0.00,0.00,0,0.00,0.00
239,08,28,2002,"12:00 PM EDT on August 28, 2002",1,0.03,0.76,0,0.00,0.00
240,08,29,2002,"12:00 PM EDT on August 29, 2002",1,2.69,68.33,0,0.00,0.00
241,08,30,2002,"12:00 PM EDT on August 30, 2002",0,0.01,0.25,0,0.00,0.00
242,08,31,2002,"12:00 PM EDT on August 31, 2002",0,0.00,0.00,0,0.00,0.00
243,09,01,2002,"12:00 PM EDT on September 01, 2002",1,0.17,4.32,0,0.00,0.00
244,09,02,2002,"12:00 PM EDT on September 02, 2002",1,1.75,44.45,0,0.00,0.00
245,09,03,2002,"12:00 PM EDT on September 03, 2002",0,0.00,0.00,0,0.00,0.00
246,09,04,2002,"12:00 PM EDT on September 04, 2002",0,0.00,0.00,0,0.00,0.00
247,09,05,2002,"12:00 PM EDT on September 05, 2002",0,0.00,0.00,0,0.00,0.00
248,09,06,2002,"12:00 PM EDT on September 06, 2002",0,0.00,0.00,0,0.00,0.00
249,09,07,2002,"12:00 PM EDT on September 07, 2002",0,0.00,0.00,0,0.00,0.00
250,09,08,2002,"12:00 PM EDT on September 08, 2002",0,0.00,0.00,0,0.00,0.00
251,09,09,2002,"12:00 PM EDT on September 09, 2002",0,0.00,0.00,0,0.00,0.00
252,09,10,2002,"12:00 PM EDT on September 10, 2002",0,0.00,0.00,0,0.00,0.00
253,09,11,2002,"12:00 PM EDT on September 11, 2002",0,0.00,0.00,0,0.00,0.00
254,09,12,2002,"12:00 PM EDT on September 12, 2002",0,0.00,0.00,0,0.00,0.00
255,09,13,2002,"12:00 PM EDT on September 13, 2002",0,0.00,0.00,0,0.00,0.00
256,09,14,2002,"12:00 PM EDT on September 14, 2002",0,0.00,0.00,0,0.00,0.00
257,09,15,2002,"12:00 PM EDT on September 15, 2002",1,0.59,14.99,0,0.00,0.00
258,09,16,2002,"12:00 PM EDT on September 16, 2002",1,0.37,9.40,0,0.00,0.00
259,09,17,2002,"12:00 PM EDT on September 17, 2002",0,0.00,0.00,0,0.00,0.00
260,09,18,2002,"12:00 PM EDT on September 18, 2002",0,0.00,0.00,0,0.00,0.00
261,09,19,2002,"12:00 PM EDT on September 19, 2002",0,0.00,0.00,0,0.00,0.00
262,09,20,2002,"12:00 PM EDT on September 20, 2002",0,0.00,0.00,0,0.00,0.00
263,09,21,2002,"12:00 PM EDT on September 21, 2002",0,0.00,0.00,0,0.00,0.00
264,09,22,2002,"12:00 PM EDT on September 22, 2002",0,0.00,0.00,0,0.00,0.00
265,09,23,2002,"12:00 PM EDT on September 23, 2002",1,0.00,0.00,0,0.00,0.00
266,09,24,2002,"12:00 PM EDT on September 24, 2002",0,0.00,0.00,0,0.00,0.00
267,09,25,2002,"12:00 PM EDT on September 25, 2002",0,0.00,0.00,0,0.00,0.00
268,09,26,2002,"12:00 PM EDT on September 26, 2002",1,0.83,21.08,0,0.00,0.00
269,09,27,2002,"12:00 PM EDT on September 27, 2002",1,1.28,32.51,0,0.00,0.00
270,09,28,2002,"12:00 PM EDT on September 28, 2002",1,0.17,4.32,0,0.00,0.00
271,09,29,2002,"12:00 PM EDT on September 29, 2002",0,0.00,0.00,0,0.00,0.00
272,09,30,2002,"12:00 PM EDT on September 30, 2002",0,0.00,0.00,0,0.00,0.00
273,10,01,2002,"12:00 PM EDT on October 01, 2002",0,0.00,0.00,0,0.00,0.00
274,10,02,2002,"12:00 PM EDT on October 02, 2002",0,0.00,0.00,0,0.00,0.00
275,10,03,2002,"12:00 PM EDT on October 03, 2002",1,0.07,1.78,0,0.00,0.00
276,10,04,2002,"12:00 PM EDT on October 04, 2002",1,0.05,1.27,0,0.00,0.00
277,10,05,2002,"12:00 PM EDT on October 05, 2002",1,0.06,1.52,0,0.00,0.00
278,10,06,2002,"12:00 PM EDT on October 06, 2002",0,0.00,0.00,0,0.00,0.00
279,10,07,2002,"12:00 PM EDT on October 07, 2002",0,0.00,0.00,0,0.00,0.00
280,10,08,2002,"12:00 PM EDT on October 08, 2002",0,0.00,0.00,0,0.00,0.00
281,10,09,2002,"12:00 PM EDT on October 09, 2002",0,0.00,0.00,0,0.00,0.00
282,10,10,2002,"12:00 PM EDT on October 10, 2002",1,0.15,3.81,0,0.00,0.00
283,10,11,2002,"12:00 PM EDT on October 11, 2002",1,2.64,67.06,0,0.00,0.00
284,10,12,2002,"12:00 PM EDT on October 12, 2002",1,1.73,43.94,0,0.00,0.00
285,10,13,2002,"12:00 PM EDT on October 13, 2002",0,0.07,1.78,0,0.00,0.00
286,10,14,2002,"12:00 PM EDT on October 14, 2002",0,0.00,0.00,0,0.00,0.00
287,10,15,2002,"12:00 PM EDT on October 15, 2002",0,0.00,0.00,0,0.00,0.00
288,10,16,2002,"12:00 PM EDT on October 16, 2002",1,1.24,31.50,0,0.00,0.00
289,10,17,2002,"12:00 PM EDT on October 17, 2002",0,0.04,1.02,0,0.00,0.00
290,10,18,2002,"12:00 PM EDT on October 18, 2002",0,0.00,0.00,0,0.00,0.00
291,10,19,2002,"12:00 PM EDT on October 19, 2002",0,0.00,0.00,0,0.00,0.00
292,10,20,2002,"12:00 PM EDT on October 20, 2002",0,0.00,0.00,0,0.00,0.00
293,10,21,2002,"12:00 PM EDT on October 21, 2002",0,0.00,0.00,0,0.00,0.00
294,10,22,2002,"12:00 PM EDT on October 22, 2002",0,0.00,0.00,0,0.00,0.00
295,10,23,2002,"12:00 PM EDT on October 23, 2002",0,0.00,0.00,0,0.00,0.00
296,10,24,2002,"12:00 PM EDT on October 24, 2002",0,0.00,0.00,0,0.00,0.00
297,10,25,2002,"12:00 PM EDT on October 25, 2002",1,0.03,0.76,0,0.00,0.00
298,10,26,2002,"12:00 PM EDT on October 26, 2002",1,0.87,22.10,0,0.00,0.00
299,10,27,2002,"12:00 PM EST on October 27, 2002",0,0.00,0.00,0,0.00,0.00
300,10,28,2002,"12:00 PM EST on October 28, 2002",0,0.00,0.00,0,0.00,0.00
301,10,29,2002,"12:00 PM EST on October 29, 2002",1,0.03,0.76,0,0.00,0.00
302,10,30,2002,"12:00 PM EST on October 30, 2002",1,0.11,2.79,0,0.00,0.00
303,10,31,2002,"12:00 PM EST on October 31, 2002",0,0.00,0.00,0,0.00,0.00
304,11,01,2002,"12:00 PM EST on November 01, 2002",0,0.00,0.00,0,0.00,0.00
305,11,02,2002,"12:00 PM EST on November 02, 2002",0,0.00,0.00,0,0.00,0.00
306,11,03,2002,"12:00 PM EST on November 03, 2002",0,0.00,0.00,0,0.00,0.00
307,11,04,2002,"12:00 PM EST on November 04, 2002",1,0.03,0.76,0,0.00,0.00
308,11,05,2002,"12:00 PM EST on November 05, 2002",1,0.22,5.59,0,0.00,0.00
309,11,06,2002,"12:00 PM EST on November 06, 2002",1,0.49,12.45,0,0.00,0.00
310,11,07,2002,"12:00 PM EST on November 07, 2002",0,0.00,0.00,0,0.00,0.00
311,11,08,2002,"12:00 PM EST on November 08, 2002",0,0.00,0.00,0,0.00,0.00
312,11,09,2002,"12:00 PM EST on November 09, 2002",0,0.00,0.00,0,0.00,0.00
313,11,10,2002,"12:00 PM EST on November 10, 2002",1,0.05,1.27,0,0.00,0.00
314,11,11,2002,"12:00 PM EST on November 11, 2002",1,0.05,1.27,0,0.00,0.00
315,11,12,2002,"12:00 PM EST on November 12, 2002",1,0.94,23.88,0,0.00,0.00
316,11,13,2002,"12:00 PM EST on November 13, 2002",1,0.10,2.54,0,0.00,0.00
317,11,14,2002,"12:00 PM EST on November 14, 2002",0,0.00,0.00,0,0.00,0.00
318,11,15,2002,"12:00 PM EST on November 15, 2002",0,0.00,0.00,0,0.00,0.00
319,11,16,2002,"12:00 PM EST on November 16, 2002",1,0.65,16.51,0,0.00,0.00
320,11,17,2002,"12:00 PM EST on November 17, 2002",1,1.42,36.07,0,0.00,0.00
321,11,18,2002,"12:00 PM EST on November 18, 2002",1,0.09,2.29,0,0.00,0.00
322,11,19,2002,"12:00 PM EST on November 19, 2002",0,0.01,0.25,0,0.00,0.00
323,11,20,2002,"12:00 PM EST on November 20, 2002",0,0.00,0.00,0,0.00,0.00
324,11,21,2002,"12:00 PM EST on November 21, 2002",1,0.24,6.10,0,0.00,0.00
325,11,22,2002,"12:00 PM EST on November 22, 2002",1,0.38,9.65,0,0.00,0.00
326,11,23,2002,"12:00 PM EST on November 23, 2002",1,0.01,0.25,0,0.00,0.00
327,11,24,2002,"12:00 PM EST on November 24, 2002",0,0.00,0.00,0,0.00,0.00
328,11,25,2002,"12:00 PM EST on November 25, 2002",0,0.00,0.00,0,0.00,0.00
329,11,26,2002,"12:00 PM EST on November 26, 2002",1,0.00,0.00,0,0.00,0.00
330,11,27,2002,"12:00 PM EST on November 27, 2002",1,0.38,9.65,1,0.00,0.00
331,11,28,2002,"12:00 PM EST on November 28, 2002",0,0.00,0.00,0,0.00,0.00
332,11,29,2002,"12:00 PM EST on November 29, 2002",0,0.00,0.00,0,0.00,0.00
333,11,30,2002,"12:00 PM EST on November 30, 2002",0,0.00,0.00,0,0.00,0.00
334,12,01,2002,"12:00 PM EST on December 01, 2002",0,0.00,0.00,0,0.00,0.00
335,12,02,2002,"12:00 PM EST on December 02, 2002",0,0.00,0.00,0,0.00,0.00
336,12,03,2002,"12:00 PM EST on December 03, 2002",0,0.00,0.00,0,0.00,0.00
337,12,04,2002,"12:00 PM EST on December 04, 2002",0,0.00,0.00,0,0.00,0.00
338,12,05,2002,"12:00 PM EST on December 05, 2002",0,0.00,0.00,1,0.00,0.00
339,12,06,2002,"12:00 PM EST on December 06, 2002",0,0.00,0.00,0,0.00,0.00
340,12,07,2002,"12:00 PM EST on December 07, 2002",0,0.01,0.25,0,0.00,0.00
341,12,08,2002,"12:00 PM EST on December 08, 2002",0,0.00,0.00,0,0.00,0.00
342,12,09,2002,"12:00 PM EST on December 09, 2002",0,0.00,0.00,0,0.00,0.00
343,12,10,2002,"12:00 PM EST on December 10, 2002",0,0.00,0.00,0,0.00,0.00
344,12,11,2002,"12:00 PM EST on December 11, 2002",1,1.01,25.65,0,0.00,0.00
345,12,12,2002,"12:00 PM EST on December 12, 2002",1,0.03,0.76,0,0.00,0.00
346,12,13,2002,"12:00 PM EST on December 13, 2002",1,0.45,11.43,0,0.00,0.00
347,12,14,2002,"12:00 PM EST on December 14, 2002",1,0.24,6.10,0,0.00,0.00
348,12,15,2002,"12:00 PM EST on December 15, 2002",0,0.00,0.00,0,0.00,0.00
349,12,16,2002,"12:00 PM EST on December 16, 2002",0,0.01,0.25,0,0.00,0.00
350,12,17,2002,"12:00 PM EST on December 17, 2002",0,0.00,0.00,0,0.00,0.00
351,12,18,2002,"12:00 PM EST on December 18, 2002",0,0.00,0.00,0,0.00,0.00
352,12,19,2002,"12:00 PM EST on December 19, 2002",1,0.03,0.76,0,0.00,0.00
353,12,20,2002,"12:00 PM EST on December 20, 2002",1,0.50,12.70,0,0.00,0.00
354,12,21,2002,"12:00 PM EST on December 21, 2002",0,0.00,0.00,0,0.00,0.00
355,12,22,2002,"12:00 PM EST on December 22, 2002",0,0.00,0.00,0,0.00,0.00
356,12,23,2002,"12:00 PM EST on December 23, 2002",0,0.00,0.00,0,0.00,0.00
357,12,24,2002,"12:00 PM EST on December 24, 2002",0,0.00,0.00,1,0.00,0.00
358,12,25,2002,"12:00 PM EST on December 25, 2002",1,0.90,22.86,1,0.00,0.00
359,12,26,2002,"12:00 PM EST on December 26, 2002",0,0.11,2.79,1,0.00,0.00
360,12,27,2002,"12:00 PM EST on December 27, 2002",0,0.00,0.00,0,0.00,0.00
361,12,28,2002,"12:00 PM EST on December 28, 2002",0,0.00,0.00,0,0.00,0.00
362,12,29,2002,"12:00 PM EST on December 29, 2002",0,0.00,0.00,0,0.00,0.00
363,12,30,2002,"12:00 PM EST on December 30, 2002",0,0.01,0.25,0,0.00,0.00
364,12,31,2002,"12:00 PM EST on December 31, 2002",0,0.01,0.25,0,0.00,0.00
